Sequence,orientation,label
GAGGGAGTAACACAGGAAGGAAGTGACTAGCACCAG,+/+,ambiguous
GAGAGAGTGGAGCAGGAAGGAAGCCGGGGCCCTGAA,+/+,ambiguous
AGGGAACGAGTGCAGGAAGGAAGTGAGAGAGTTCTG,+/+,ambiguous
TCGTCCGCGTATCGGAACAGGAAGGAAGTCTTGCCC,+/+,ambiguous
AAGAGTAACACACAGGAAGGAAGCTCACTGAGGTGC,+/+,ambiguous
GAAAACATAGCACAGGAAGGAAGCTGTTGCACCATA,+/+,ambiguous
GCCACGGGGAGTCCGGAAGGAAGCCACTGCCTGGGC,+/+,ambiguous
CTTTTCATCAACCCGGAAGGAAGCAGCCGCCGGTCG,+/+,ambiguous
AACGCCTTGGAACAGGAAGGAAGCAATGACTCAAAG,+/+,ambiguous
GCAAAGGCCTAGCAGGAAGGAAGCGAGCCTGGGGCC,+/+,ambiguous
CGAAGCGACGGCCCGGAAGGAAGTCGCGTGCTGAGG,+/+,ambiguous
TTCAGCCAAAGGACGGAAGGAAGCTAGGCGTCCGCA,+/+,ambiguous
GGCACGCGGGCGCCGGAAGGAAGCCTCCAGTGGACG,+/+,ambiguous
CAGGTGTGGGGACAGGAAGGAAGCCATGATGCACGT,+/+,ambiguous
ATGAAACCACAAACGGAAGGAAGCTCCTTGACAGAT,+/+,ambiguous
GACCCAGGGGAGCAGGAAGGAAGCCCGGGAGCGCCC,+/+,ambiguous
ACCCCGGGGGTGCAGGAAGGAAGTGGGGCCCAAGCA,+/+,ambiguous
CAACAATAGACAGATCCAGGAAGGAAGCTGGGGGGC,+/+,ambiguous
CTGCTTAGCAAGCCGGAAGGAAGCCCGGTCACCTTT,+/+,ambiguous
GGGCGGGAAGCGGGGCAGCCGCCGTCCGGAAGCTGG,-/+,ambiguous
GTCAAGTGACTTCAGGAAGGAAGTGCCTTTTTCTAA,+/+,anticooperative
GTCTCGCTGGCTCAGGAAGGAAGCTGCAGACTTTCG,+/+,anticooperative
CGCGCCCGCTGCCCGGAAGGAAGCCGTGGGCTGGCC,+/+,cooperative
TCATCTCTCCTGCAGGAAGGAAGTCCTGCCTCCCAC,+/+,cooperative
GCAGAGAAAAGGCAGGAAGGAAGTGGACAAACTTGC,+/+,cooperative
AAACAAAACCCACAGGAAGGAAGCCAGCGAAGGAGA,+/+,cooperative
CAGTTGGTCTGCCAGGAAGGAAGTCGGCTCAGGGGA,+/+,cooperative
TCTGAGAAAACACAGGAAGGAAGCCCAATCAAAAGA,+/+,cooperative
TCTGCACCAAACCCGGAAGGAAGTAAGTTGTTGGTT,+/+,cooperative
GGGTCCAGACAACAGGAAGGAAGCCCTTTCAAAGAC,+/+,cooperative
GAATGAATGCTACAGGAAGGAAGTGGGCTTTGAATA,+/+,cooperative
GCCTTCAGAGAACAGGAAGGAAGCTCCCTCCCTCCT,+/+,cooperative
TGCCACGAAGTCCCGGAAGGAAGCTCTGCAAATGTG,+/+,cooperative
AAACCAAAGCAGCAGGAAGGAAGTGGTCTGATTAGA,+/+,cooperative
ACGTGGAGAAGGCAGGAAGGAAGCGGGCGGGGCTGT,+/+,cooperative
CTCCTGGAGGGGCAGGAAGGAAGTGGATGCCATCAA,+/+,cooperative
CCGGCGCGGAGGGCGGAAGGAAGCGCGTGGGCGCGC,+/+,cooperative
GAAACCTCAAGACAGGAAGGAAGCTTCGCAGCTTGG,+/+,cooperative
ACGAATGACACACAGGAAGGAAGCAGACAGCTGGGA,+/+,cooperative
AAAAACCCAAGTGCGGAAGGAAGTCTGTCAACCTTC,+/+,cooperative
GGCAGTTTTCTTCCCCGCACAGGAAGGAAGTGGGAG,+/+,cooperative
GCTGCAACCCCACAGGAAGGAAGTCAGGCCCAACTT,+/+,cooperative
GTGTTTTCTGGACAGGAAGGAAGCAGCCACCCTCGC,+/+,cooperative
CCTGAGGGCTTCGCGGAAGGAAGTTGGCCGTATCGC,+/+,cooperative
GGGACAGAAGAGCAGGAAGGAAGCTGGGGCCGGCCT,+/+,cooperative
TGTACACTCATACAGGAAGGAAGTTCTGATGTTTTA,+/+,cooperative
TCCTGGCCTGGTCAGGAAGGAAGTGGTCAGGGTGGT,+/+,cooperative
GCTAAGTTGCAACAGGAAGGAAGCTGTGATTTCAAA,+/+,cooperative
CTCCTCCCCCATCAGGAAGGAAGTTTGTGGGTGCAC,+/+,fail_cutoff
TGAGCTCTCCTTCAGGAAGGAAGCAGCAGTGTGGTT,+/+,fail_cutoff
GTGGGTCTCACTCAGGAAGGAAGTGGAGGCAAGTCA,+/+,fail_cutoff
GGCCGATGTCTCACGGAAGGAAGTGGTGCATTGGAG,+/+,fail_cutoff
TTGCCCAGGGGCCAGGAAGGAAGCGGCCTCCTCTTC,+/+,fail_cutoff
ATTTAGACGTTACAGGAAGGAAGTGGGTGTGGGGGG,+/+,fail_cutoff
AAGTCATTAATTCAGGAAGGAAGCCACGCTAGCTGC,+/+,fail_cutoff
CCCCCATTGCATCAGGAAGGAAGCTCTAGACTTTCA,+/+,fail_cutoff
ACCGCGCGGAGGCCGGAAGGAAGCTGGAGGGGGCGG,+/+,fail_cutoff
GGTCCCGGGAGCGCGGAAGGAAGCGAGGGGTCGGGA,+/+,fail_cutoff
TCTTGAGCATGTGCGGAAGGAAGCCTGCGTGGCGCT,+/+,fail_cutoff
TGGTGGAGGGGGCAGGAAGGAAGTGGTCCCTTATGG,+/+,fail_cutoff
GCTGGGGGAGGACAGGAAGGAAGTCTGAGAAGGACT,+/+,fail_cutoff
CAACGTTTGCTCCAGGAAGGAAGCTGGGGGTGGGAG,+/+,fail_cutoff
CCAGCCACCAGGCAGGAAGGAAGCAGAGTGAATGCC,+/+,fail_cutoff
GGCAGAGCTGTGGCGGAAGGAAGTGGCCCGAGACAG,+/+,fail_cutoff
AGTGCAAACCCCCAGGAAGGAAGCTTGTGCTGCTTG,+/+,fail_cutoff
GAGCGCGGGGCAGCGGAAGGAAGCCGGGGGAGGAGC,+/+,fail_cutoff
TGGCTGTGAGTTCAGGAAGGAAGCTGTAAACATTAT,+/+,fail_cutoff
TTCAACAGTGAACAGGAAGGAAGTTGGAGCAGTGAG,+/+,fail_cutoff
TAACAACAAGCCCAGGAAGGAAGCCAAACCCTTATC,+/+,fail_cutoff
AAACACAAAGGGCCGGAAGGAAGCCGGGGAGACAGG,+/+,fail_cutoff
CCAGGCCACAGCCAGGAAGGAAGCCAGATTCACACC,+/+,fail_cutoff
AATAGACAGATCCAGGAAGGAAGCTGGGGGGCGGGT,+/+,fail_cutoff
TGGAAGCCGGACATCCTCTGAGGAAAGGAGGGAGAG,+/-,fail_cutoff
CAACGACTCACACAGGAAGGAAGCCCCCATCTGGTT,+/+,independent
AGGGGAATCAGACAGGAAGGAAGTGCCATTGTGATA,+/+,independent
ATATGGGTAGGACAGGAAGGAAGTGGTGTGTGGTCC,+/+,independent
TCAGAATGTGCACAGGAAGGAAGCTCTGACTAAGCT,+/+,independent
TACTGGTGTGTACAGGAAGGAAGTTCACTTTGACTA,+/+,independent
TGGCAGTTAGAACAGGAAGGAAGTCAATGAGAAAAA,+/+,independent
AGTAATAGAAAACAGGAAGGAAGTGGGTTTGTAAGA,+/+,independent
GCTTCGCGGTGCCCGGAAGGAAGCCTTTGAAGAGTA,+/+,independent
ATAAGAGCAAGACAGGAAGGAAGCCTGCTGTGTCGT,+/+,independent
AGGAGCGCAGAGCCGGAAGGAAGCCGCCGACCCAGT,+/+,independent
AGCTAAGCAACACCGGAAGGAAGTGAGACAGAGCCT,+/+,independent
